{"Not on record":{"0":0.0115659973},"arrest":{"0":0.0141718248},"citation":{"0":0.7314074636},"warning":{"0":0.2428547144}}